ip_address,country,risk_score,risk_level,last_reported
80.94.92.171,RO,100,Critical,2026-02-11T08:17:01+00:00
14.225.2.122,VN,100,Critical,2026-02-11T08:17:01+00:00
103.59.163.135,MM,100,Critical,2026-02-11T08:17:01+00:00
154.219.114.78,HK,100,Critical,2026-02-11T08:17:01+00:00
103.247.20.83,ID,100,Critical,2026-02-11T08:17:00+00:00
134.209.195.236,NL,100,Critical,2026-02-11T08:17:00+00:00
134.209.200.9,NL,100,Critical,2026-02-11T08:17:00+00:00
87.236.176.183,GB,100,Critical,2026-02-11T08:17:00+00:00
201.124.186.150,MX,100,Critical,2026-02-11T08:17:00+00:00
91.224.92.108,LT,100,Critical,2026-02-11T08:16:59+00:00
91.231.89.107,FR,100,Critical,2026-02-11T08:16:59+00:00
139.19.117.197,DE,100,Critical,2026-02-11T08:16:59+00:00
133.117.77.166,JP,100,Critical,2026-02-11T08:16:59+00:00
34.227.19.103,US,100,Critical,2026-02-11T08:16:59+00:00
45.148.10.141,NL,100,Critical,2026-02-11T08:16:59+00:00
183.6.115.88,CN,100,Critical,2026-02-11T08:16:58+00:00
195.184.76.206,US,100,Critical,2026-02-11T08:16:58+00:00
102.209.248.22,MZ,100,Critical,2026-02-11T08:16:58+00:00
45.82.76.108,GB,100,Critical,2026-02-11T08:16:58+00:00
206.189.107.68,NL,100,Critical,2026-02-11T08:16:58+00:00
91.224.92.54,LT,100,Critical,2026-02-11T08:16:58+00:00
42.96.20.16,VN,100,Critical,2026-02-11T08:16:58+00:00
103.143.10.79,US,100,Critical,2026-02-11T08:16:58+00:00
188.166.121.187,NL,100,Critical,2026-02-11T08:16:58+00:00
45.142.154.10,HK,100,Critical,2026-02-11T08:16:58+00:00
45.148.10.151,NL,100,Critical,2026-02-11T08:16:58+00:00
72.5.43.160,RO,100,Critical,2026-02-11T08:16:58+00:00
209.97.161.72,SG,100,Critical,2026-02-11T08:16:58+00:00
212.225.145.162,ES,100,Critical,2026-02-11T08:16:58+00:00
206.189.105.17,NL,100,Critical,2026-02-11T08:16:58+00:00
185.196.10.197,CH,100,Critical,2026-02-11T08:16:57+00:00
142.252.42.225,US,100,Critical,2026-02-11T08:16:57+00:00
101.47.142.43,SG,100,Critical,2026-02-11T08:16:56+00:00
118.194.230.250,JP,100,Critical,2026-02-11T08:16:56+00:00
182.75.216.74,IN,100,Critical,2026-02-11T08:16:56+00:00
164.92.156.68,NL,100,Critical,2026-02-11T08:16:56+00:00
3.142.53.249,US,100,Critical,2026-02-11T08:16:56+00:00
2.57.122.177,RO,100,Critical,2026-02-11T08:16:55+00:00
45.82.76.104,GB,100,Critical,2026-02-11T08:16:55+00:00
159.223.212.254,NL,100,Critical,2026-02-11T08:16:55+00:00
200.118.99.170,CO,100,Critical,2026-02-11T08:16:55+00:00
45.151.183.60,CZ,100,Critical,2026-02-11T08:16:55+00:00
195.184.76.160,US,100,Critical,2026-02-11T08:16:55+00:00
138.204.127.54,BR,100,Critical,2026-02-11T08:16:54+00:00
59.92.51.186,IN,100,Critical,2026-02-11T08:16:54+00:00
162.243.204.125,US,100,Critical,2026-02-11T08:16:54+00:00
134.122.60.79,NL,100,Critical,2026-02-11T08:16:54+00:00
8.141.100.93,CN,100,Critical,2026-02-11T08:16:53+00:00
176.120.22.47,RU,100,Critical,2026-02-11T08:16:53+00:00
45.138.68.203,US,100,Critical,2026-02-11T08:16:53+00:00
152.32.235.85,US,100,Critical,2026-02-11T08:16:53+00:00
192.109.200.72,DE,100,Critical,2026-02-11T08:16:53+00:00
213.209.159.159,DE,100,Critical,2026-02-11T08:16:52+00:00
157.230.232.255,US,100,Critical,2026-02-11T08:16:52+00:00
218.103.36.176,HK,100,Critical,2026-02-11T08:16:52+00:00
106.13.165.161,CN,100,Critical,2026-02-11T08:16:52+00:00
23.92.26.33,US,100,Critical,2026-02-11T08:16:52+00:00
89.187.162.178,SG,100,Critical,2026-02-11T08:16:52+00:00
14.103.112.179,CN,100,Critical,2026-02-11T08:16:52+00:00
118.193.63.139,TW,100,Critical,2026-02-11T08:16:52+00:00
89.35.193.17,AE,100,Critical,2026-02-11T08:16:52+00:00
45.55.89.184,US,100,Critical,2026-02-11T08:16:51+00:00
50.84.211.204,US,100,Critical,2026-02-11T08:16:51+00:00
165.22.184.62,US,100,Critical,2026-02-11T08:16:51+00:00
116.233.83.90,CN,100,Critical,2026-02-11T08:16:51+00:00
183.94.220.9,CN,100,Critical,2026-02-11T08:16:51+00:00
165.22.205.152,NL,100,Critical,2026-02-11T08:16:51+00:00
150.129.20.234,KH,100,Critical,2026-02-11T08:16:50+00:00
45.135.194.48,DE,100,Critical,2026-02-11T08:16:50+00:00
117.6.44.221,VN,100,Critical,2026-02-11T08:16:50+00:00
58.222.244.226,CN,100,Critical,2026-02-11T08:16:50+00:00
134.209.198.43,NL,100,Critical,2026-02-11T08:16:50+00:00
64.62.197.218,US,100,Critical,2026-02-11T08:16:49+00:00
176.65.139.20,DE,100,Critical,2026-02-11T08:16:49+00:00
20.168.7.106,US,100,Critical,2026-02-11T08:16:49+00:00
172.213.160.184,IT,100,Critical,2026-02-11T08:16:49+00:00
20.100.173.6,NO,100,Critical,2026-02-11T08:16:49+00:00
206.189.11.135,NL,100,Critical,2026-02-11T08:16:49+00:00
172.202.113.251,US,100,Critical,2026-02-11T08:16:48+00:00
14.241.100.20,VN,100,Critical,2026-02-11T08:16:48+00:00
89.46.105.196,IT,100,Critical,2026-02-11T08:16:48+00:00
27.111.32.174,ID,100,Critical,2026-02-11T08:16:48+00:00
152.32.238.146,US,100,Critical,2026-02-11T08:16:48+00:00
64.62.197.238,US,100,Critical,2026-02-11T08:16:48+00:00
92.118.39.100,RO,100,Critical,2026-02-11T08:16:48+00:00
178.128.239.177,CA,100,Critical,2026-02-11T08:16:48+00:00
47.161.210.7,US,100,Critical,2026-02-11T08:16:48+00:00
119.152.23.250,PK,100,Critical,2026-02-11T08:16:48+00:00
159.65.199.247,NL,100,Critical,2026-02-11T08:16:48+00:00
116.110.219.242,VN,100,Critical,2026-02-11T08:16:48+00:00
182.42.93.139,CN,100,Critical,2026-02-11T08:16:47+00:00
36.64.68.99,ID,100,Critical,2026-02-11T08:16:47+00:00
179.208.226.115,BR,100,Critical,2026-02-11T08:16:47+00:00
27.79.40.157,VN,100,Critical,2026-02-11T08:16:47+00:00
64.62.197.137,US,100,Critical,2026-02-11T08:16:46+00:00
86.54.31.36,NL,100,Critical,2026-02-11T08:16:46+00:00
122.187.230.183,IN,100,Critical,2026-02-11T08:16:46+00:00
129.212.176.157,US,100,Critical,2026-02-11T08:16:46+00:00
174.138.70.162,US,100,Critical,2026-02-11T08:16:46+00:00
129.212.188.196,US,100,Critical,2026-02-11T08:16:46+00:00
176.120.22.13,RU,100,Critical,2026-02-11T08:16:45+00:00
121.26.29.66,CN,100,Critical,2026-02-11T08:16:45+00:00
64.62.197.240,US,100,Critical,2026-02-11T08:16:45+00:00
45.82.76.132,GB,100,Critical,2026-02-11T08:16:45+00:00
196.190.220.53,ET,100,Critical,2026-02-11T08:16:45+00:00
8.219.209.40,SG,100,Critical,2026-02-11T08:16:45+00:00
64.62.197.47,US,100,Critical,2026-02-11T08:16:45+00:00
188.166.63.180,NL,100,Critical,2026-02-11T08:16:45+00:00
36.64.211.93,ID,100,Critical,2026-02-11T08:16:44+00:00
103.25.47.94,IN,100,Critical,2026-02-11T08:16:44+00:00
183.87.217.222,IN,100,Critical,2026-02-11T08:16:44+00:00
190.32.246.14,PA,100,Critical,2026-02-11T08:16:44+00:00
222.108.100.117,KR,100,Critical,2026-02-11T08:16:44+00:00
103.199.16.90,VN,100,Critical,2026-02-11T08:16:43+00:00
115.151.72.155,CN,100,Critical,2026-02-11T08:16:43+00:00
194.237.70.56,SE,100,Critical,2026-02-11T08:16:43+00:00
134.209.176.200,GB,100,Critical,2026-02-11T08:16:43+00:00
186.177.88.81,CR,100,Critical,2026-02-11T08:16:42+00:00
159.65.113.38,DE,100,Critical,2026-02-11T08:16:42+00:00
87.236.176.189,GB,100,Critical,2026-02-11T08:16:42+00:00
152.42.132.60,NL,100,Critical,2026-02-11T08:16:42+00:00
212.47.103.61,LT,100,Critical,2026-02-11T08:16:41+00:00
216.218.206.121,US,100,Critical,2026-02-11T08:16:41+00:00
2.57.121.112,RO,100,Critical,2026-02-11T08:16:41+00:00
45.156.129.132,US,100,Critical,2026-02-11T08:16:40+00:00
195.178.110.30,NL,100,Critical,2026-02-11T08:16:40+00:00
201.76.120.30,BR,100,Critical,2026-02-11T08:16:40+00:00
165.154.187.159,VN,100,Critical,2026-02-11T08:16:40+00:00
161.35.80.136,NL,100,Critical,2026-02-11T08:16:40+00:00
165.227.3.79,US,100,Critical,2026-02-11T08:16:39+00:00
65.49.1.192,US,100,Critical,2026-02-11T08:16:39+00:00
172.191.157.64,US,100,Critical,2026-02-11T08:16:39+00:00
159.65.201.151,NL,100,Critical,2026-02-11T08:16:39+00:00
165.232.90.116,NL,100,Critical,2026-02-11T08:16:39+00:00
91.92.240.214,DE,100,Critical,2026-02-11T08:16:38+00:00
134.199.197.11,US,100,Critical,2026-02-11T08:16:38+00:00
138.197.152.232,CA,100,Critical,2026-02-11T08:16:38+00:00
81.23.173.32,RU,100,Critical,2026-02-11T08:16:38+00:00
199.45.154.145,HK,100,Critical,2026-02-11T08:16:38+00:00
134.209.94.235,NL,100,Critical,2026-02-11T08:16:38+00:00
101.47.140.222,SG,100,Critical,2026-02-11T08:16:37+00:00
204.76.203.56,NL,100,Critical,2026-02-11T08:16:37+00:00
130.12.181.185,DE,100,Critical,2026-02-11T08:16:37+00:00
91.230.168.29,US,100,Critical,2026-02-11T08:16:37+00:00
80.94.92.67,RO,100,Critical,2026-02-11T08:16:37+00:00
103.187.146.196,SG,100,Critical,2026-02-11T08:16:37+00:00
111.70.28.243,TW,100,Critical,2026-02-11T08:16:37+00:00
20.107.195.240,IE,100,Critical,2026-02-11T08:16:37+00:00
152.32.131.245,HK,100,Critical,2026-02-11T08:16:36+00:00
92.118.39.62,RO,100,Critical,2026-02-11T08:16:36+00:00
64.62.156.179,US,100,Critical,2026-02-11T08:16:36+00:00
69.5.189.168,CH,100,Critical,2026-02-11T08:16:35+00:00
128.199.184.19,SG,100,Critical,2026-02-11T08:16:35+00:00
195.184.76.64,US,100,Critical,2026-02-11T08:16:35+00:00
162.241.127.152,US,100,Critical,2026-02-11T08:16:35+00:00
195.184.76.163,US,100,Critical,2026-02-11T08:16:35+00:00
213.199.51.66,FR,100,Critical,2026-02-11T08:16:35+00:00
92.118.39.115,RO,100,Critical,2026-02-11T08:16:34+00:00
139.59.135.98,DE,100,Critical,2026-02-11T08:16:34+00:00
103.160.5.81,VN,100,Critical,2026-02-11T08:16:34+00:00
115.141.143.58,KR,100,Critical,2026-02-11T08:16:34+00:00
64.225.55.168,US,100,Critical,2026-02-11T08:16:34+00:00
129.146.65.146,US,100,Critical,2026-02-11T08:16:33+00:00
51.79.67.116,CA,100,Critical,2026-02-11T08:16:33+00:00
154.70.102.114,CM,100,Critical,2026-02-11T08:16:33+00:00
119.45.22.238,CN,100,Critical,2026-02-11T08:16:32+00:00
2.57.121.25,RO,100,Critical,2026-02-11T08:16:32+00:00
91.230.168.249,US,100,Critical,2026-02-11T08:16:32+00:00
213.225.35.240,AT,100,Critical,2026-02-11T08:16:32+00:00
100.28.153.226,US,100,Critical,2026-02-11T08:16:32+00:00
101.126.95.172,CN,100,Critical,2026-02-11T08:16:31+00:00
165.154.51.27,TH,100,Critical,2026-02-11T08:16:31+00:00
154.73.168.229,TZ,100,Critical,2026-02-11T08:16:30+00:00
188.166.105.36,NL,100,Critical,2026-02-11T08:16:30+00:00
45.148.10.121,NL,100,Critical,2026-02-11T08:16:30+00:00
64.225.65.26,NL,100,Critical,2026-02-11T08:16:30+00:00
80.94.92.184,RO,100,Critical,2026-02-11T08:16:30+00:00
94.26.88.59,PL,100,Critical,2026-02-11T08:16:30+00:00
36.50.55.18,VN,100,Critical,2026-02-11T08:16:29+00:00
1.24.210.27,CN,100,Critical,2026-02-11T08:16:29+00:00
139.162.117.40,JP,100,Critical,2026-02-11T08:16:29+00:00
165.227.61.195,US,100,Critical,2026-02-11T08:16:29+00:00
123.190.31.76,CN,100,Critical,2026-02-11T08:16:28+00:00
198.144.189.67,US,100,Critical,2026-02-11T08:16:28+00:00
64.62.197.227,US,100,Critical,2026-02-11T08:16:28+00:00
45.192.184.50,HK,100,Critical,2026-02-11T08:16:27+00:00
155.4.245.222,SE,100,Critical,2026-02-11T08:16:27+00:00
103.216.118.192,VN,100,Critical,2026-02-11T08:16:27+00:00
80.94.92.183,RO,100,Critical,2026-02-11T08:16:26+00:00
159.223.219.205,NL,100,Critical,2026-02-11T08:16:26+00:00
51.159.149.103,FR,100,Critical,2026-02-11T08:16:26+00:00
187.85.155.182,BR,100,Critical,2026-02-11T08:16:25+00:00
20.64.105.174,US,100,Critical,2026-02-11T08:16:25+00:00
176.235.182.124,TR,100,Critical,2026-02-11T08:16:25+00:00
171.244.61.82,VN,100,Critical,2026-02-11T08:16:25+00:00
152.42.203.0,SG,100,Critical,2026-02-11T08:16:25+00:00
159.203.59.222,CA,100,Critical,2026-02-11T08:16:25+00:00
164.90.192.44,NL,100,Critical,2026-02-11T08:16:24+00:00
164.152.250.192,BR,100,Critical,2026-02-11T08:16:24+00:00
138.197.35.232,US,100,Critical,2026-02-11T08:16:24+00:00
107.150.104.176,US,100,Critical,2026-02-11T08:16:23+00:00
130.12.181.187,DE,100,Critical,2026-02-11T08:16:23+00:00
139.19.117.131,DE,100,Critical,2026-02-11T08:16:23+00:00
188.166.46.159,NL,100,Critical,2026-02-11T08:16:23+00:00
128.1.131.163,HK,100,Critical,2026-02-11T08:16:22+00:00
80.94.95.242,RO,100,Critical,2026-02-11T08:16:22+00:00
5.101.64.6,RU,100,Critical,2026-02-11T08:16:22+00:00
103.171.84.20,ID,100,Critical,2026-02-11T08:16:22+00:00
157.92.145.135,AR,100,Critical,2026-02-11T08:16:22+00:00
195.178.110.15,NL,100,Critical,2026-02-11T08:16:22+00:00
209.38.100.178,NL,100,Critical,2026-02-11T08:16:22+00:00
182.95.152.58,IN,100,Critical,2026-02-11T08:16:22+00:00
176.53.96.10,TR,100,Critical,2026-02-11T08:16:22+00:00
99.92.204.98,US,100,Critical,2026-02-11T08:16:22+00:00
103.233.25.113,IN,100,Critical,2026-02-11T08:16:22+00:00
165.154.173.219,US,100,Critical,2026-02-11T08:16:21+00:00
87.236.176.201,GB,100,Critical,2026-02-11T08:16:21+00:00
132.248.170.105,MX,100,Critical,2026-02-11T08:16:21+00:00
152.42.134.107,NL,100,Critical,2026-02-11T08:16:21+00:00
120.48.28.60,CN,100,Critical,2026-02-11T08:16:21+00:00
45.250.184.6,CN,100,Critical,2026-02-11T08:16:21+00:00
80.94.92.164,RO,100,Critical,2026-02-11T08:16:20+00:00
118.193.68.150,KR,100,Critical,2026-02-11T08:16:20+00:00
182.48.68.82,BD,100,Critical,2026-02-11T08:16:20+00:00
45.157.54.18,IQ,100,Critical,2026-02-11T08:16:20+00:00
72.144.12.31,DE,100,Critical,2026-02-11T08:16:19+00:00
64.62.156.146,US,100,Critical,2026-02-11T08:16:19+00:00
134.122.44.40,CA,100,Critical,2026-02-11T08:16:19+00:00
142.93.212.130,IN,100,Critical,2026-02-11T08:16:19+00:00
97.178.43.84,US,100,Critical,2026-02-11T08:16:19+00:00
103.31.39.143,ID,100,Critical,2026-02-11T08:16:19+00:00
65.49.1.80,US,100,Critical,2026-02-11T08:16:18+00:00
65.49.1.182,US,100,Critical,2026-02-11T08:16:18+00:00
104.248.84.80,NL,100,Critical,2026-02-11T08:16:18+00:00
167.71.72.149,NL,100,Critical,2026-02-11T08:16:18+00:00
20.15.164.68,US,100,Critical,2026-02-11T08:16:18+00:00
68.221.65.63,ES,100,Critical,2026-02-11T08:16:18+00:00
223.247.33.150,CN,100,Critical,2026-02-11T08:16:17+00:00
37.58.136.133,FR,100,Critical,2026-02-11T08:16:17+00:00
51.75.29.165,FR,100,Critical,2026-02-11T08:16:17+00:00
164.92.91.211,US,100,Critical,2026-02-11T08:16:17+00:00
8.243.166.66,CO,100,Critical,2026-02-11T08:16:16+00:00
80.94.92.65,RO,100,Critical,2026-02-11T08:16:16+00:00
170.106.163.84,US,100,Critical,2026-02-11T08:16:16+00:00
115.231.78.11,CN,100,Critical,2026-02-11T08:16:15+00:00
193.163.125.34,PK,100,Critical,2026-02-11T08:16:15+00:00
199.45.154.139,HK,100,Critical,2026-02-11T08:16:15+00:00
45.141.233.15,PL,100,Critical,2026-02-11T08:16:15+00:00
20.205.115.105,HK,100,Critical,2026-02-11T08:16:15+00:00
194.107.115.11,UZ,100,Critical,2026-02-11T08:16:15+00:00
80.94.92.177,RO,100,Critical,2026-02-11T08:16:15+00:00
152.53.191.128,DE,100,Critical,2026-02-11T08:16:15+00:00
167.99.223.217,NL,100,Critical,2026-02-11T08:16:15+00:00
80.94.92.166,RO,100,Critical,2026-02-11T08:16:14+00:00
37.140.223.199,US,100,Critical,2026-02-11T08:16:14+00:00
106.13.121.235,CN,100,Critical,2026-02-11T08:16:14+00:00
115.190.12.52,CN,100,Critical,2026-02-11T08:16:14+00:00
152.231.25.64,CO,100,Critical,2026-02-11T08:16:13+00:00
45.148.10.152,NL,100,Critical,2026-02-11T08:16:13+00:00
45.148.10.240,NL,100,Critical,2026-02-11T08:16:13+00:00
209.38.46.113,NL,100,Critical,2026-02-11T08:16:13+00:00
134.122.53.169,NL,100,Critical,2026-02-11T08:16:13+00:00
180.153.91.15,CN,100,Critical,2026-02-11T08:16:12+00:00
20.219.152.68,IN,100,Critical,2026-02-11T08:16:12+00:00
180.76.168.83,CN,100,Critical,2026-02-11T08:16:11+00:00
47.181.107.99,US,100,Critical,2026-02-11T08:16:11+00:00
188.166.22.123,NL,100,Critical,2026-02-11T08:16:11+00:00
62.219.172.50,IL,100,Critical,2026-02-11T08:16:10+00:00
164.92.152.232,NL,100,Critical,2026-02-11T08:16:10+00:00
173.255.223.73,US,100,Critical,2026-02-11T08:16:10+00:00
178.128.248.157,NL,100,Critical,2026-02-11T08:16:10+00:00
158.158.48.108,ES,100,Critical,2026-02-11T08:16:10+00:00
107.189.13.239,CH,100,Critical,2026-02-11T08:16:09+00:00
197.225.146.23,MU,100,Critical,2026-02-11T08:16:09+00:00
34.247.185.218,IE,100,Critical,2026-02-11T08:16:09+00:00
36.134.126.74,CN,100,Critical,2026-02-11T08:16:09+00:00
138.226.237.205,DE,100,Critical,2026-02-11T08:16:08+00:00
24.98.45.238,US,100,Critical,2026-02-11T08:16:08+00:00
160.119.251.114,ZA,100,Critical,2026-02-11T08:16:08+00:00
129.212.179.18,US,100,Critical,2026-02-11T08:16:08+00:00
2001:41d0:33a:a00::404,FR,100,Critical,2026-02-11T08:16:08+00:00
64.62.156.132,US,100,Critical,2026-02-11T08:16:08+00:00
118.193.33.104,HK,100,Critical,2026-02-11T08:16:08+00:00
159.89.117.122,CA,100,Critical,2026-02-11T08:16:08+00:00
14.103.123.19,CN,100,Critical,2026-02-11T08:16:08+00:00
89.42.231.200,NL,100,Critical,2026-02-11T08:16:07+00:00
14.44.32.95,KR,100,Critical,2026-02-11T08:16:07+00:00
46.35.117.110,ES,100,Critical,2026-02-11T08:16:07+00:00
8.211.162.45,JP,100,Critical,2026-02-11T08:16:07+00:00
162.19.243.145,DE,100,Critical,2026-02-11T08:16:07+00:00
2.57.122.209,RO,100,Critical,2026-02-11T08:16:07+00:00
103.72.147.224,HK,100,Critical,2026-02-11T08:16:07+00:00
152.32.188.174,HK,100,Critical,2026-02-11T08:16:07+00:00
78.24.223.128,RU,100,Critical,2026-02-11T08:16:07+00:00
79.153.163.39,ES,100,Critical,2026-02-11T08:16:06+00:00
45.156.128.51,NL,100,Critical,2026-02-11T08:16:06+00:00
47.245.117.221,SG,100,Critical,2026-02-11T08:16:06+00:00
164.92.74.73,US,100,Critical,2026-02-11T08:16:06+00:00
164.92.202.24,DE,100,Critical,2026-02-11T08:16:06+00:00
134.209.83.244,NL,100,Critical,2026-02-11T08:16:06+00:00
